<?xml version="1.0" encoding="UTF-8"?>
   <beans xmlns="http://www.springframework.org/schema/beans"
	xmlns:xsi="http://www.w3.org/2001/XMLSchema-instance" xmlns:jee="http://www.springframework.org/schema/jee"
	xmlns:tx="http://www.springframework.org/schema/tx" xmlns:aop="http://www.springframework.org/schema/aop"
	xmlns:context="http://www.springframework.org/schema/context"
	xsi:schemaLocation="http://www.springframework.org/schema/beans http://www.springframework.org/schema/beans/spring-beans-2.5.xsd http://www.springframework.org/schema/tx http://www.springframework.org/schema/tx/spring-tx-2.5.xsd http://www.springframework.org/schema/jee http://www.springframework.org/schema/jee/spring-jee-2.5.xsd http://www.springframework.org/schema/context http://www.springframework.org/schema/context/spring-context-2.5.xsd http://www.springframework.org/schema/aop http://www.springframework.org/schema/aop/spring-aop-2.5.xsd"
	default-lazy-init="true" >
	
	<context:annotation-config />
	
    <!-- 使用annotation 自动注册bean,并保证@Required,@Autowired的属性被注入 -->
	<context:component-scan base-package="com.jst"/>  
    <bean id="sessionFactory"  
            class="org.springframework.orm.hibernate3.LocalSessionFactoryBean">  
        <property name="configLocation" value="classpath:hibernate.cfg.xml" />  
        <property name="configurationClass" value="org.hibernate.cfg.AnnotationConfiguration" />
    </bean>
    
    <tx:annotation-driven transaction-manager="transactionManager"/>
    	
	<!-- 事务管理器配置,单数据源事务 -->
	<bean id="transactionManager"
		class="org.springframework.orm.hibernate3.HibernateTransactionManager">
		<property name="sessionFactory" ref="sessionFactory" />
	</bean>
	


	
   
</beans>