<?xml version='1.0' encoding='UTF-8'?>
<!DOCTYPE hibernate-configuration PUBLIC
          "-//Hibernate/Hibernate Configuration DTD 3.0//EN"
          "http://hibernate.sourceforge.net/hibernate-configuration-3.0.dtd">

<!-- Generated by MyEclipse Hibernate Tools.                   -->
<hibernate-configuration>
<session-factory>

<!-- 
	<property name="hibernate.c3p0.max_size">30</property>
	<property name="hibernate.c3p0.min_size">2</property>
	<property name="hibernate.c3p0.timeout">5000</property>
	<property name="hibernate.c3p0.max_statements">100</property>
	<property name="hibernate.c3p0.idle_test_period">3000</property>
	<property name="hibernate.c3p0.acquire_increment">2</property>
	<property name="hibernate.c3p0.validate">true</property>
	<property name="hibernate.query.factory_class">
		org.hibernate.hql.classic.ClassicQueryTranslatorFactory
	</property>
 -->	
	
	<property name="connection.username">drvSchool</property>
	<property name="connection.url">
		jdbc:oracle:thin:@localhost:1521:orcl
	</property>
	<property name="dialect">
		org.hibernate.dialect.Oracle9Dialect
	</property>
	<property name="myeclipse.connection.profile">oracle</property>
	<property name="connection.password">drvSchool_abc</property>
	<property name="connection.driver_class">
		oracle.jdbc.driver.OracleDriver
	</property>
	<property name="show_sql">true</property>
	<!-- <property name="hibernate.connection.autocommit">true</property> --> 

	<mapping
		resource="com/jst/common/test/person/Person.hbm.xml" />		
															
								
</session-factory>

</hibernate-configuration>