<?xml version="1.0" encoding="UTF-8" ?>
<!DOCTYPE struts PUBLIC
    "-//Apache Software Foundation//DTD Struts Configuration 2.0//EN"
    "http://struts.apache.org/dtds/struts-2.0.dtd">

<struts>
 
	
	
	
	<!-- struts css template set--> 
	<constant name="struts.ui.theme" value="simple" />
	<constant name="struts.ui.templateDir" value="template" />
	<constant name="struts.ui.templateSuffix" value="ftl" />
	<!-- develop model-->
	<constant name="struts.devMode" value="true" />
	<!-- reload struts config -->
	<constant name="struts.configuration.xml.reload" value="true"/>
	<!-- reload properties files -->
    <constant name="struts.i18n.reload" value="true"/>
    <constant name="struts.action.extension" value="action,," />
    
    <!-- 允许调用静态方法--> 
    <constant name="struts.ognl.allowStaticMethodAccess" value="true"/>
    
	<!--
		include other config file
    <include file="employee.xml"/> 
    -->
	<!-- Add packages here -->
</struts>
