<?xml version="1.0" encoding="UTF-8"?>
<!DOCTYPE dwr PUBLIC "-//GetAhead Limited//DTD Direct Web Remoting 2.0//EN" "http://getahead.org/dwr/dwr20.dtd">

<dwr>

  <allow>

 <!--  
    <create creator="new" javascript="AjaxService">
      <param name="class" value="com.jst.platform.service.AjaxService"/>
    </create>    
    <convert converter="bean" match="com.jst.common.base.DictType"/>  
    <create creator="new" javascript="platformAjaxService">
      <param name="class" value="com.jst.platform.service.AjaxService"/>
    </create> 
     <create javascript="AppSystemService" creator="spring">
      <param name="beanName" value="appSystemService"></param>
      <include method="getAppSystemMap"/>
     </create>
      <create javascript="UserService" creator="spring">
      <param name="beanName" value="userService"></param>
      <include method="getUserList"></include>
     </create>
     <convert match="com.jst.platform.acl.component.User" converter="bean"></convert>
    <convert converter="exception" match="java.lang.Exception"/>
    <convert converter="bean" match="java.lang.StackTraceElement"/>   
    --> 
  </allow>

</dwr>
