<?xml version="1.0" encoding="UTF-8"?>
<file-systems VERSION="2.0.0" application-name="onlinecgs"
 model-entity="FileSystems" workspace-home="./WebRoot/WEB-INF">
 <file-system NAME="WEB-INF" location="%workspace.home%" model-entity="FileSystemFolder"/>
 <file-system NAME="WEB-ROOT" info="Content-Type=Web"
  location="%workspace.home%/.." model-entity="FileSystemFolder"/>
 <file-system NAME="lib" location="%workspace.home%/lib" model-entity="FileSystemFolder"/>
 <file-system NAME="classes" location="%workspace.home%/classes" model-entity="FileSystemFolder"/>
 <file-system NAME="src" location="%workspace.home%/../../src/test" model-entity="FileSystemFolder"/>
 <file-system NAME="src-1" location="%workspace.home%/../../src/conf" model-entity="FileSystemFolder"/>
 <file-system NAME="src-2" location="%workspace.home%/../../src/java" model-entity="FileSystemFolder"/>
 <file-system NAME="onlinecgs" location="%eclipse.project%" model-entity="FileSystemFolder"/>
 <file-system NAME="lib-javaee.jar"
<<<<<<< .mine
  location="D:\java_tools\Genuitec\Common\plugins\com.genuitec.eclipse.j2eedt.core_8.6.1.me201010211225\data\libraryset\EE_5\javaee.jar" model-entity="FileSystemJar"/>
=======
  location="C:\Genuitec\Common\plugins\com.genuitec.eclipse.j2eedt.core_8.0.0.me200911192043\data\libraryset\EE_5\javaee.jar" model-entity="FileSystemJar"/>
>>>>>>> .r805
 <file-system NAME="lib-jsf-impl.jar"
<<<<<<< .mine
  location="D:\java_tools\Genuitec\Common\plugins\com.genuitec.eclipse.j2eedt.core_8.6.1.me201010211225\data\libraryset\EE_5\jsf-impl.jar" model-entity="FileSystemJar"/>
=======
  location="C:\Genuitec\Common\plugins\com.genuitec.eclipse.j2eedt.core_8.0.0.me200911192043\data\libraryset\EE_5\jsf-impl.jar" model-entity="FileSystemJar"/>
>>>>>>> .r805
 <file-system NAME="lib-jsf-api.jar"
<<<<<<< .mine
  location="D:\java_tools\Genuitec\Common\plugins\com.genuitec.eclipse.j2eedt.core_8.6.1.me201010211225\data\libraryset\EE_5\jsf-api.jar" model-entity="FileSystemJar"/>
=======
  location="C:\Genuitec\Common\plugins\com.genuitec.eclipse.j2eedt.core_8.0.0.me200911192043\data\libraryset\EE_5\jsf-api.jar" model-entity="FileSystemJar"/>
>>>>>>> .r805
 <file-system NAME="lib-jstl-1.2.jar"
<<<<<<< .mine
  location="D:\java_tools\Genuitec\Common\plugins\com.genuitec.eclipse.j2eedt.core_8.6.1.me201010211225\data\libraryset\EE_5\jstl-1.2.jar" model-entity="FileSystemJar"/>
=======
  location="C:\Genuitec\Common\plugins\com.genuitec.eclipse.j2eedt.core_8.0.0.me200911192043\data\libraryset\EE_5\jstl-1.2.jar" model-entity="FileSystemJar"/>
>>>>>>> .r805
 <file-system NAME="lib-commons-beanutils-1.8.3-sources.jar"
<<<<<<< .mine
  location="D:\工作\交警\车管所\网上车管所\过程库\工程\onlinecgs\lib\others\commons-beanutils-1.8.3-sources.jar" model-entity="FileSystemJar"/>
=======
  location="E:\项目\交警\车管所\网上车管所\过程库\工程\onlinecgs\lib\others\commons-beanutils-1.8.3-sources.jar" model-entity="FileSystemJar"/>
>>>>>>> .r805
 <file-system NAME="lib-commons-beanutils-1.8.3.jar"
<<<<<<< .mine
  location="D:\工作\交警\车管所\网上车管所\过程库\工程\onlinecgs\lib\others\commons-beanutils-1.8.3.jar" model-entity="FileSystemJar"/>
=======
  location="E:\项目\交警\车管所\网上车管所\过程库\工程\onlinecgs\lib\others\commons-beanutils-1.8.3.jar" model-entity="FileSystemJar"/>
>>>>>>> .r805
 <file-system NAME="lib-commons-dbcp.jar"
<<<<<<< .mine
  location="D:\工作\交警\车管所\网上车管所\过程库\工程\onlinecgs\lib\others\commons-dbcp.jar" model-entity="FileSystemJar"/>
=======
  location="E:\项目\交警\车管所\网上车管所\过程库\工程\onlinecgs\lib\others\commons-dbcp.jar" model-entity="FileSystemJar"/>
>>>>>>> .r805
 <file-system NAME="lib-dwr.jar"
<<<<<<< .mine
  location="D:\工作\交警\车管所\网上车管所\过程库\工程\onlinecgs\lib\others\dwr.jar" model-entity="FileSystemJar"/>
=======
  location="E:\项目\交警\车管所\网上车管所\过程库\工程\onlinecgs\lib\others\dwr.jar" model-entity="FileSystemJar"/>
>>>>>>> .r805
 <file-system NAME="lib-jdom.jar"
<<<<<<< .mine
  location="D:\工作\交警\车管所\网上车管所\过程库\工程\onlinecgs\lib\others\jdom.jar" model-entity="FileSystemJar"/>
=======
  location="E:\项目\交警\车管所\网上车管所\过程库\工程\onlinecgs\lib\others\jdom.jar" model-entity="FileSystemJar"/>
>>>>>>> .r805
 <file-system NAME="lib-antlr-2.7.6.jar"
<<<<<<< .mine
  location="D:\工作\交警\车管所\网上车管所\过程库\工程\onlinecgs\lib\sh\antlr-2.7.6.jar" model-entity="FileSystemJar"/>
=======
  location="E:\项目\交警\车管所\网上车管所\过程库\工程\onlinecgs\lib\sh\antlr-2.7.6.jar" model-entity="FileSystemJar"/>
>>>>>>> .r805
 <file-system NAME="lib-aopalliance.jar"
<<<<<<< .mine
  location="D:\工作\交警\车管所\网上车管所\过程库\工程\onlinecgs\lib\sh\aopalliance.jar" model-entity="FileSystemJar"/>
=======
  location="E:\项目\交警\车管所\网上车管所\过程库\工程\onlinecgs\lib\sh\aopalliance.jar" model-entity="FileSystemJar"/>
>>>>>>> .r805
 <file-system NAME="lib-asm-attrs.jar"
<<<<<<< .mine
  location="D:\工作\交警\车管所\网上车管所\过程库\工程\onlinecgs\lib\sh\asm-attrs.jar" model-entity="FileSystemJar"/>
=======
  location="E:\项目\交警\车管所\网上车管所\过程库\工程\onlinecgs\lib\sh\asm-attrs.jar" model-entity="FileSystemJar"/>
>>>>>>> .r805
 <file-system NAME="lib-asm-commons-2.2.3.jar"
<<<<<<< .mine
  location="D:\工作\交警\车管所\网上车管所\过程库\工程\onlinecgs\lib\sh\asm-commons-2.2.3.jar" model-entity="FileSystemJar"/>
=======
  location="E:\项目\交警\车管所\网上车管所\过程库\工程\onlinecgs\lib\sh\asm-commons-2.2.3.jar" model-entity="FileSystemJar"/>
>>>>>>> .r805
 <file-system NAME="lib-asm-util-2.2.3.jar"
<<<<<<< .mine
  location="D:\工作\交警\车管所\网上车管所\过程库\工程\onlinecgs\lib\sh\asm-util-2.2.3.jar" model-entity="FileSystemJar"/>
=======
  location="E:\项目\交警\车管所\网上车管所\过程库\工程\onlinecgs\lib\sh\asm-util-2.2.3.jar" model-entity="FileSystemJar"/>
>>>>>>> .r805
 <file-system NAME="lib-asm.jar"
<<<<<<< .mine
  location="D:\工作\交警\车管所\网上车管所\过程库\工程\onlinecgs\lib\sh\asm.jar" model-entity="FileSystemJar"/>
=======
  location="E:\项目\交警\车管所\网上车管所\过程库\工程\onlinecgs\lib\sh\asm.jar" model-entity="FileSystemJar"/>
>>>>>>> .r805
 <file-system NAME="lib-aspectjlib.jar"
<<<<<<< .mine
  location="D:\工作\交警\车管所\网上车管所\过程库\工程\onlinecgs\lib\sh\aspectjlib.jar" model-entity="FileSystemJar"/>
=======
  location="E:\项目\交警\车管所\网上车管所\过程库\工程\onlinecgs\lib\sh\aspectjlib.jar" model-entity="FileSystemJar"/>
>>>>>>> .r805
 <file-system NAME="lib-aspectjrt.jar"
<<<<<<< .mine
  location="D:\工作\交警\车管所\网上车管所\过程库\工程\onlinecgs\lib\sh\aspectjrt.jar" model-entity="FileSystemJar"/>
=======
  location="E:\项目\交警\车管所\网上车管所\过程库\工程\onlinecgs\lib\sh\aspectjrt.jar" model-entity="FileSystemJar"/>
>>>>>>> .r805
 <file-system NAME="lib-aspectjweaver.jar"
<<<<<<< .mine
  location="D:\工作\交警\车管所\网上车管所\过程库\工程\onlinecgs\lib\sh\aspectjweaver.jar" model-entity="FileSystemJar"/>
=======
  location="E:\项目\交警\车管所\网上车管所\过程库\工程\onlinecgs\lib\sh\aspectjweaver.jar" model-entity="FileSystemJar"/>
>>>>>>> .r805
 <file-system NAME="lib-c3p0-0.9.1.jar"
<<<<<<< .mine
  location="D:\工作\交警\车管所\网上车管所\过程库\工程\onlinecgs\lib\sh\c3p0-0.9.1.jar" model-entity="FileSystemJar"/>
=======
  location="E:\项目\交警\车管所\网上车管所\过程库\工程\onlinecgs\lib\sh\c3p0-0.9.1.jar" model-entity="FileSystemJar"/>
>>>>>>> .r805
 <file-system NAME="lib-cglib-2.1.3.jar"
<<<<<<< .mine
  location="D:\工作\交警\车管所\网上车管所\过程库\工程\onlinecgs\lib\sh\cglib-2.1.3.jar" model-entity="FileSystemJar"/>
=======
  location="E:\项目\交警\车管所\网上车管所\过程库\工程\onlinecgs\lib\sh\cglib-2.1.3.jar" model-entity="FileSystemJar"/>
>>>>>>> .r805
 <file-system NAME="lib-cglib-nodep-2.1_3.jar"
<<<<<<< .mine
  location="D:\工作\交警\车管所\网上车管所\过程库\工程\onlinecgs\lib\sh\cglib-nodep-2.1_3.jar" model-entity="FileSystemJar"/>
=======
  location="E:\项目\交警\车管所\网上车管所\过程库\工程\onlinecgs\lib\sh\cglib-nodep-2.1_3.jar" model-entity="FileSystemJar"/>
>>>>>>> .r805
 <file-system NAME="lib-commons-attributes-api.jar"
<<<<<<< .mine
  location="D:\工作\交警\车管所\网上车管所\过程库\工程\onlinecgs\lib\sh\commons-attributes-api.jar" model-entity="FileSystemJar"/>
=======
  location="E:\项目\交警\车管所\网上车管所\过程库\工程\onlinecgs\lib\sh\commons-attributes-api.jar" model-entity="FileSystemJar"/>
>>>>>>> .r805
 <file-system NAME="lib-commons-attributes-compiler.jar"
<<<<<<< .mine
  location="D:\工作\交警\车管所\网上车管所\过程库\工程\onlinecgs\lib\sh\commons-attributes-compiler.jar" model-entity="FileSystemJar"/>
=======
  location="E:\项目\交警\车管所\网上车管所\过程库\工程\onlinecgs\lib\sh\commons-attributes-compiler.jar" model-entity="FileSystemJar"/>
>>>>>>> .r805
 <file-system NAME="lib-commons-collections-2.1.1.jar"
<<<<<<< .mine
  location="D:\工作\交警\车管所\网上车管所\过程库\工程\onlinecgs\lib\sh\commons-collections-2.1.1.jar" model-entity="FileSystemJar"/>
=======
  location="E:\项目\交警\车管所\网上车管所\过程库\工程\onlinecgs\lib\sh\commons-collections-2.1.1.jar" model-entity="FileSystemJar"/>
>>>>>>> .r805
 <file-system NAME="lib-commons-logging-1.0.4.jar"
<<<<<<< .mine
  location="D:\工作\交警\车管所\网上车管所\过程库\工程\onlinecgs\lib\sh\commons-logging-1.0.4.jar" model-entity="FileSystemJar"/>
=======
  location="E:\项目\交警\车管所\网上车管所\过程库\工程\onlinecgs\lib\sh\commons-logging-1.0.4.jar" model-entity="FileSystemJar"/>
>>>>>>> .r805
 <file-system NAME="lib-commons-logging.jar"
<<<<<<< .mine
  location="D:\工作\交警\车管所\网上车管所\过程库\工程\onlinecgs\lib\sh\commons-logging.jar" model-entity="FileSystemJar"/>
=======
  location="E:\项目\交警\车管所\网上车管所\过程库\工程\onlinecgs\lib\sh\commons-logging.jar" model-entity="FileSystemJar"/>
>>>>>>> .r805
 <file-system NAME="lib-commons-pool.jar"
<<<<<<< .mine
  location="D:\工作\交警\车管所\网上车管所\过程库\工程\onlinecgs\lib\sh\commons-pool.jar" model-entity="FileSystemJar"/>
=======
  location="E:\项目\交警\车管所\网上车管所\过程库\工程\onlinecgs\lib\sh\commons-pool.jar" model-entity="FileSystemJar"/>
>>>>>>> .r805
 <file-system NAME="lib-concurrent-1.3.2.jar"
<<<<<<< .mine
  location="D:\工作\交警\车管所\网上车管所\过程库\工程\onlinecgs\lib\sh\concurrent-1.3.2.jar" model-entity="FileSystemJar"/>
=======
  location="E:\项目\交警\车管所\网上车管所\过程库\工程\onlinecgs\lib\sh\concurrent-1.3.2.jar" model-entity="FileSystemJar"/>
>>>>>>> .r805
 <file-system NAME="lib-connector.jar"
<<<<<<< .mine
  location="D:\工作\交警\车管所\网上车管所\过程库\工程\onlinecgs\lib\sh\connector.jar" model-entity="FileSystemJar"/>
=======
  location="E:\项目\交警\车管所\网上车管所\过程库\工程\onlinecgs\lib\sh\connector.jar" model-entity="FileSystemJar"/>
>>>>>>> .r805
 <file-system NAME="lib-dom4j-1.6.1.jar"
<<<<<<< .mine
  location="D:\工作\交警\车管所\网上车管所\过程库\工程\onlinecgs\lib\sh\dom4j-1.6.1.jar" model-entity="FileSystemJar"/>
=======
  location="E:\项目\交警\车管所\网上车管所\过程库\工程\onlinecgs\lib\sh\dom4j-1.6.1.jar" model-entity="FileSystemJar"/>
>>>>>>> .r805
 <file-system NAME="lib-ehcache-1.6.2-sources.jar"
<<<<<<< .mine
  location="D:\工作\交警\车管所\网上车管所\过程库\工程\onlinecgs\lib\sh\ehcache-1.6.2-sources.jar" model-entity="FileSystemJar"/>
=======
  location="E:\项目\交警\车管所\网上车管所\过程库\工程\onlinecgs\lib\sh\ehcache-1.6.2-sources.jar" model-entity="FileSystemJar"/>
>>>>>>> .r805
 <file-system NAME="lib-ehcache-1.6.2.jar"
<<<<<<< .mine
  location="D:\工作\交警\车管所\网上车管所\过程库\工程\onlinecgs\lib\sh\ehcache-1.6.2.jar" model-entity="FileSystemJar"/>
=======
  location="E:\项目\交警\车管所\网上车管所\过程库\工程\onlinecgs\lib\sh\ehcache-1.6.2.jar" model-entity="FileSystemJar"/>
>>>>>>> .r805
 <file-system NAME="lib-ejb3-persistence.jar"
<<<<<<< .mine
  location="D:\工作\交警\车管所\网上车管所\过程库\工程\onlinecgs\lib\sh\ejb3-persistence.jar" model-entity="FileSystemJar"/>
=======
  location="E:\项目\交警\车管所\网上车管所\过程库\工程\onlinecgs\lib\sh\ejb3-persistence.jar" model-entity="FileSystemJar"/>
>>>>>>> .r805
 <file-system NAME="lib-hibernate-annotations.jar"
<<<<<<< .mine
  location="D:\工作\交警\车管所\网上车管所\过程库\工程\onlinecgs\lib\sh\hibernate-annotations.jar" model-entity="FileSystemJar"/>
=======
  location="E:\项目\交警\车管所\网上车管所\过程库\工程\onlinecgs\lib\sh\hibernate-annotations.jar" model-entity="FileSystemJar"/>
>>>>>>> .r805
 <file-system NAME="lib-hibernate-commons-annotations.jar"
<<<<<<< .mine
  location="D:\工作\交警\车管所\网上车管所\过程库\工程\onlinecgs\lib\sh\hibernate-commons-annotations.jar" model-entity="FileSystemJar"/>
=======
  location="E:\项目\交警\车管所\网上车管所\过程库\工程\onlinecgs\lib\sh\hibernate-commons-annotations.jar" model-entity="FileSystemJar"/>
>>>>>>> .r805
 <file-system NAME="lib-hibernate-entitymanager.jar"
<<<<<<< .mine
  location="D:\工作\交警\车管所\网上车管所\过程库\工程\onlinecgs\lib\sh\hibernate-entitymanager.jar" model-entity="FileSystemJar"/>
=======
  location="E:\项目\交警\车管所\网上车管所\过程库\工程\onlinecgs\lib\sh\hibernate-entitymanager.jar" model-entity="FileSystemJar"/>
>>>>>>> .r805
 <file-system NAME="lib-hibernate3.jar"
<<<<<<< .mine
  location="D:\工作\交警\车管所\网上车管所\过程库\工程\onlinecgs\lib\sh\hibernate3.jar" model-entity="FileSystemJar"/>
=======
  location="E:\项目\交警\车管所\网上车管所\过程库\工程\onlinecgs\lib\sh\hibernate3.jar" model-entity="FileSystemJar"/>
>>>>>>> .r805
 <file-system NAME="lib-jaas.jar"
<<<<<<< .mine
  location="D:\工作\交警\车管所\网上车管所\过程库\工程\onlinecgs\lib\sh\jaas.jar" model-entity="FileSystemJar"/>
=======
  location="E:\项目\交警\车管所\网上车管所\过程库\工程\onlinecgs\lib\sh\jaas.jar" model-entity="FileSystemJar"/>
>>>>>>> .r805
 <file-system NAME="lib-jacc-1_0-fr.jar"
<<<<<<< .mine
  location="D:\工作\交警\车管所\网上车管所\过程库\工程\onlinecgs\lib\sh\jacc-1_0-fr.jar" model-entity="FileSystemJar"/>
=======
  location="E:\项目\交警\车管所\网上车管所\过程库\工程\onlinecgs\lib\sh\jacc-1_0-fr.jar" model-entity="FileSystemJar"/>
>>>>>>> .r805
 <file-system NAME="lib-javassist.jar"
<<<<<<< .mine
  location="D:\工作\交警\车管所\网上车管所\过程库\工程\onlinecgs\lib\sh\javassist.jar" model-entity="FileSystemJar"/>
=======
  location="E:\项目\交警\车管所\网上车管所\过程库\工程\onlinecgs\lib\sh\javassist.jar" model-entity="FileSystemJar"/>
>>>>>>> .r805
 <file-system NAME="lib-jaxen-1.1-beta-7.jar"
<<<<<<< .mine
  location="D:\工作\交警\车管所\网上车管所\过程库\工程\onlinecgs\lib\sh\jaxen-1.1-beta-7.jar" model-entity="FileSystemJar"/>
=======
  location="E:\项目\交警\车管所\网上车管所\过程库\工程\onlinecgs\lib\sh\jaxen-1.1-beta-7.jar" model-entity="FileSystemJar"/>
>>>>>>> .r805
 <file-system NAME="lib-jboss-cache.jar"
<<<<<<< .mine
  location="D:\工作\交警\车管所\网上车管所\过程库\工程\onlinecgs\lib\sh\jboss-cache.jar" model-entity="FileSystemJar"/>
=======
  location="E:\项目\交警\车管所\网上车管所\过程库\工程\onlinecgs\lib\sh\jboss-cache.jar" model-entity="FileSystemJar"/>
>>>>>>> .r805
 <file-system NAME="lib-jboss-common.jar"
<<<<<<< .mine
  location="D:\工作\交警\车管所\网上车管所\过程库\工程\onlinecgs\lib\sh\jboss-common.jar" model-entity="FileSystemJar"/>
=======
  location="E:\项目\交警\车管所\网上车管所\过程库\工程\onlinecgs\lib\sh\jboss-common.jar" model-entity="FileSystemJar"/>
>>>>>>> .r805
 <file-system NAME="lib-jboss-jmx.jar"
<<<<<<< .mine
  location="D:\工作\交警\车管所\网上车管所\过程库\工程\onlinecgs\lib\sh\jboss-jmx.jar" model-entity="FileSystemJar"/>
=======
  location="E:\项目\交警\车管所\网上车管所\过程库\工程\onlinecgs\lib\sh\jboss-jmx.jar" model-entity="FileSystemJar"/>
>>>>>>> .r805
 <file-system NAME="lib-jboss-system.jar"
<<<<<<< .mine
  location="D:\工作\交警\车管所\网上车管所\过程库\工程\onlinecgs\lib\sh\jboss-system.jar" model-entity="FileSystemJar"/>
=======
  location="E:\项目\交警\车管所\网上车管所\过程库\工程\onlinecgs\lib\sh\jboss-system.jar" model-entity="FileSystemJar"/>
>>>>>>> .r805
 <file-system NAME="lib-jdbc2_0-stdext.jar"
<<<<<<< .mine
  location="D:\工作\交警\车管所\网上车管所\过程库\工程\onlinecgs\lib\sh\jdbc2_0-stdext.jar" model-entity="FileSystemJar"/>
=======
  location="E:\项目\交警\车管所\网上车管所\过程库\工程\onlinecgs\lib\sh\jdbc2_0-stdext.jar" model-entity="FileSystemJar"/>
>>>>>>> .r805
 <file-system NAME="lib-jgroups-2.2.8.jar"
<<<<<<< .mine
  location="D:\工作\交警\车管所\网上车管所\过程库\工程\onlinecgs\lib\sh\jgroups-2.2.8.jar" model-entity="FileSystemJar"/>
=======
  location="E:\项目\交警\车管所\网上车管所\过程库\工程\onlinecgs\lib\sh\jgroups-2.2.8.jar" model-entity="FileSystemJar"/>
>>>>>>> .r805
 <file-system NAME="lib-jta.jar"
<<<<<<< .mine
  location="D:\工作\交警\车管所\网上车管所\过程库\工程\onlinecgs\lib\sh\jta.jar" model-entity="FileSystemJar"/>
=======
  location="E:\项目\交警\车管所\网上车管所\过程库\工程\onlinecgs\lib\sh\jta.jar" model-entity="FileSystemJar"/>
>>>>>>> .r805
 <file-system NAME="lib-log4j-1.2.11.jar"
<<<<<<< .mine
  location="D:\工作\交警\车管所\网上车管所\过程库\工程\onlinecgs\lib\sh\log4j-1.2.11.jar" model-entity="FileSystemJar"/>
=======
  location="E:\项目\交警\车管所\网上车管所\过程库\工程\onlinecgs\lib\sh\log4j-1.2.11.jar" model-entity="FileSystemJar"/>
>>>>>>> .r805
 <file-system NAME="lib-log4j-1.2.15.jar"
<<<<<<< .mine
  location="D:\工作\交警\车管所\网上车管所\过程库\工程\onlinecgs\lib\sh\log4j-1.2.15.jar" model-entity="FileSystemJar"/>
=======
  location="E:\项目\交警\车管所\网上车管所\过程库\工程\onlinecgs\lib\sh\log4j-1.2.15.jar" model-entity="FileSystemJar"/>
>>>>>>> .r805
 <file-system NAME="lib-oscache-2.1.jar"
<<<<<<< .mine
  location="D:\工作\交警\车管所\网上车管所\过程库\工程\onlinecgs\lib\sh\oscache-2.1.jar" model-entity="FileSystemJar"/>
=======
  location="E:\项目\交警\车管所\网上车管所\过程库\工程\onlinecgs\lib\sh\oscache-2.1.jar" model-entity="FileSystemJar"/>
>>>>>>> .r805
 <file-system NAME="lib-persistence.jar"
<<<<<<< .mine
  location="D:\工作\交警\车管所\网上车管所\过程库\工程\onlinecgs\lib\sh\persistence.jar" model-entity="FileSystemJar"/>
=======
  location="E:\项目\交警\车管所\网上车管所\过程库\工程\onlinecgs\lib\sh\persistence.jar" model-entity="FileSystemJar"/>
>>>>>>> .r805
 <file-system NAME="lib-proxool-0.8.3.jar"
<<<<<<< .mine
  location="D:\工作\交警\车管所\网上车管所\过程库\工程\onlinecgs\lib\sh\proxool-0.8.3.jar" model-entity="FileSystemJar"/>
=======
  location="E:\项目\交警\车管所\网上车管所\过程库\工程\onlinecgs\lib\sh\proxool-0.8.3.jar" model-entity="FileSystemJar"/>
>>>>>>> .r805
 <file-system NAME="lib-spring-agent.jar"
<<<<<<< .mine
  location="D:\工作\交警\车管所\网上车管所\过程库\工程\onlinecgs\lib\sh\spring-agent.jar" model-entity="FileSystemJar"/>
=======
  location="E:\项目\交警\车管所\网上车管所\过程库\工程\onlinecgs\lib\sh\spring-agent.jar" model-entity="FileSystemJar"/>
>>>>>>> .r805
 <file-system NAME="lib-spring-aop.jar"
<<<<<<< .mine
  location="D:\工作\交警\车管所\网上车管所\过程库\工程\onlinecgs\lib\sh\spring-aop.jar" model-entity="FileSystemJar"/>
=======
  location="E:\项目\交警\车管所\网上车管所\过程库\工程\onlinecgs\lib\sh\spring-aop.jar" model-entity="FileSystemJar"/>
>>>>>>> .r805
 <file-system NAME="lib-spring-aspects.jar"
<<<<<<< .mine
  location="D:\工作\交警\车管所\网上车管所\过程库\工程\onlinecgs\lib\sh\spring-aspects.jar" model-entity="FileSystemJar"/>
=======
  location="E:\项目\交警\车管所\网上车管所\过程库\工程\onlinecgs\lib\sh\spring-aspects.jar" model-entity="FileSystemJar"/>
>>>>>>> .r805
 <file-system NAME="lib-spring-beans.jar"
<<<<<<< .mine
  location="D:\工作\交警\车管所\网上车管所\过程库\工程\onlinecgs\lib\sh\spring-beans.jar" model-entity="FileSystemJar"/>
=======
  location="E:\项目\交警\车管所\网上车管所\过程库\工程\onlinecgs\lib\sh\spring-beans.jar" model-entity="FileSystemJar"/>
>>>>>>> .r805
 <file-system NAME="lib-spring-context.jar"
<<<<<<< .mine
  location="D:\工作\交警\车管所\网上车管所\过程库\工程\onlinecgs\lib\sh\spring-context.jar" model-entity="FileSystemJar"/>
=======
  location="E:\项目\交警\车管所\网上车管所\过程库\工程\onlinecgs\lib\sh\spring-context.jar" model-entity="FileSystemJar"/>
>>>>>>> .r805
 <file-system NAME="lib-spring-core.jar"
<<<<<<< .mine
  location="D:\工作\交警\车管所\网上车管所\过程库\工程\onlinecgs\lib\sh\spring-core.jar" model-entity="FileSystemJar"/>
=======
  location="E:\项目\交警\车管所\网上车管所\过程库\工程\onlinecgs\lib\sh\spring-core.jar" model-entity="FileSystemJar"/>
>>>>>>> .r805
 <file-system NAME="lib-spring-jdbc.jar"
<<<<<<< .mine
  location="D:\工作\交警\车管所\网上车管所\过程库\工程\onlinecgs\lib\sh\spring-jdbc.jar" model-entity="FileSystemJar"/>
=======
  location="E:\项目\交警\车管所\网上车管所\过程库\工程\onlinecgs\lib\sh\spring-jdbc.jar" model-entity="FileSystemJar"/>
>>>>>>> .r805
 <file-system NAME="lib-spring-orm.jar"
<<<<<<< .mine
  location="D:\工作\交警\车管所\网上车管所\过程库\工程\onlinecgs\lib\sh\spring-orm.jar" model-entity="FileSystemJar"/>
=======
  location="E:\项目\交警\车管所\网上车管所\过程库\工程\onlinecgs\lib\sh\spring-orm.jar" model-entity="FileSystemJar"/>
>>>>>>> .r805
 <file-system NAME="lib-spring-tomcat-weaver.jar"
<<<<<<< .mine
  location="D:\工作\交警\车管所\网上车管所\过程库\工程\onlinecgs\lib\sh\spring-tomcat-weaver.jar" model-entity="FileSystemJar"/>
=======
  location="E:\项目\交警\车管所\网上车管所\过程库\工程\onlinecgs\lib\sh\spring-tomcat-weaver.jar" model-entity="FileSystemJar"/>
>>>>>>> .r805
 <file-system NAME="lib-spring-tx.jar"
<<<<<<< .mine
  location="D:\工作\交警\车管所\网上车管所\过程库\工程\onlinecgs\lib\sh\spring-tx.jar" model-entity="FileSystemJar"/>
=======
  location="E:\项目\交警\车管所\网上车管所\过程库\工程\onlinecgs\lib\sh\spring-tx.jar" model-entity="FileSystemJar"/>
>>>>>>> .r805
 <file-system NAME="lib-spring-web.jar"
<<<<<<< .mine
  location="D:\工作\交警\车管所\网上车管所\过程库\工程\onlinecgs\lib\sh\spring-web.jar" model-entity="FileSystemJar"/>
=======
  location="E:\项目\交警\车管所\网上车管所\过程库\工程\onlinecgs\lib\sh\spring-web.jar" model-entity="FileSystemJar"/>
>>>>>>> .r805
 <file-system NAME="lib-swarmcache-1.0rc2.jar"
<<<<<<< .mine
  location="D:\工作\交警\车管所\网上车管所\过程库\工程\onlinecgs\lib\sh\swarmcache-1.0rc2.jar" model-entity="FileSystemJar"/>
=======
  location="E:\项目\交警\车管所\网上车管所\过程库\工程\onlinecgs\lib\sh\swarmcache-1.0rc2.jar" model-entity="FileSystemJar"/>
>>>>>>> .r805
 <file-system NAME="lib-xerces-2.6.2.jar"
<<<<<<< .mine
  location="D:\工作\交警\车管所\网上车管所\过程库\工程\onlinecgs\lib\sh\xerces-2.6.2.jar" model-entity="FileSystemJar"/>
=======
  location="E:\项目\交警\车管所\网上车管所\过程库\工程\onlinecgs\lib\sh\xerces-2.6.2.jar" model-entity="FileSystemJar"/>
>>>>>>> .r805
 <file-system NAME="lib-xml-apis.jar"
<<<<<<< .mine
  location="D:\工作\交警\车管所\网上车管所\过程库\工程\onlinecgs\lib\sh\xml-apis.jar" model-entity="FileSystemJar"/>
=======
  location="E:\项目\交警\车管所\网上车管所\过程库\工程\onlinecgs\lib\sh\xml-apis.jar" model-entity="FileSystemJar"/>
>>>>>>> .r805
 <file-system NAME="lib-activation-1.1.jar"
<<<<<<< .mine
  location="D:\工作\交警\车管所\网上车管所\过程库\工程\onlinecgs\lib\axis\activation-1.1.jar" model-entity="FileSystemJar"/>
=======
  location="E:\项目\交警\车管所\网上车管所\过程库\工程\onlinecgs\lib\axis\activation-1.1.jar" model-entity="FileSystemJar"/>
>>>>>>> .r805
 <file-system NAME="lib-axiom-api-1.2.8.jar"
<<<<<<< .mine
  location="D:\工作\交警\车管所\网上车管所\过程库\工程\onlinecgs\lib\axis\axiom-api-1.2.8.jar" model-entity="FileSystemJar"/>
=======
  location="E:\项目\交警\车管所\网上车管所\过程库\工程\onlinecgs\lib\axis\axiom-api-1.2.8.jar" model-entity="FileSystemJar"/>
>>>>>>> .r805
 <file-system NAME="lib-axiom-dom-1.2.8.jar"
<<<<<<< .mine
  location="D:\工作\交警\车管所\网上车管所\过程库\工程\onlinecgs\lib\axis\axiom-dom-1.2.8.jar" model-entity="FileSystemJar"/>
=======
  location="E:\项目\交警\车管所\网上车管所\过程库\工程\onlinecgs\lib\axis\axiom-dom-1.2.8.jar" model-entity="FileSystemJar"/>
>>>>>>> .r805
 <file-system NAME="lib-axiom-impl-1.2.8.jar"
<<<<<<< .mine
  location="D:\工作\交警\车管所\网上车管所\过程库\工程\onlinecgs\lib\axis\axiom-impl-1.2.8.jar" model-entity="FileSystemJar"/>
=======
  location="E:\项目\交警\车管所\网上车管所\过程库\工程\onlinecgs\lib\axis\axiom-impl-1.2.8.jar" model-entity="FileSystemJar"/>
>>>>>>> .r805
 <file-system NAME="lib-axis2-adb-1.5.1.jar"
<<<<<<< .mine
  location="D:\工作\交警\车管所\网上车管所\过程库\工程\onlinecgs\lib\axis\axis2-adb-1.5.1.jar" model-entity="FileSystemJar"/>
=======
  location="E:\项目\交警\车管所\网上车管所\过程库\工程\onlinecgs\lib\axis\axis2-adb-1.5.1.jar" model-entity="FileSystemJar"/>
>>>>>>> .r805
 <file-system NAME="lib-axis2-adb-codegen-1.5.1.jar"
<<<<<<< .mine
  location="D:\工作\交警\车管所\网上车管所\过程库\工程\onlinecgs\lib\axis\axis2-adb-codegen-1.5.1.jar" model-entity="FileSystemJar"/>
=======
  location="E:\项目\交警\车管所\网上车管所\过程库\工程\onlinecgs\lib\axis\axis2-adb-codegen-1.5.1.jar" model-entity="FileSystemJar"/>
>>>>>>> .r805
 <file-system NAME="lib-axis2-ant-plugin-1.5.1.jar"
<<<<<<< .mine
  location="D:\工作\交警\车管所\网上车管所\过程库\工程\onlinecgs\lib\axis\axis2-ant-plugin-1.5.1.jar" model-entity="FileSystemJar"/>
=======
  location="E:\项目\交警\车管所\网上车管所\过程库\工程\onlinecgs\lib\axis\axis2-ant-plugin-1.5.1.jar" model-entity="FileSystemJar"/>
>>>>>>> .r805
 <file-system NAME="lib-axis2-clustering-1.5.1.jar"
<<<<<<< .mine
  location="D:\工作\交警\车管所\网上车管所\过程库\工程\onlinecgs\lib\axis\axis2-clustering-1.5.1.jar" model-entity="FileSystemJar"/>
=======
  location="E:\项目\交警\车管所\网上车管所\过程库\工程\onlinecgs\lib\axis\axis2-clustering-1.5.1.jar" model-entity="FileSystemJar"/>
>>>>>>> .r805
 <file-system NAME="lib-axis2-codegen-1.5.1.jar"
<<<<<<< .mine
  location="D:\工作\交警\车管所\网上车管所\过程库\工程\onlinecgs\lib\axis\axis2-codegen-1.5.1.jar" model-entity="FileSystemJar"/>
=======
  location="E:\项目\交警\车管所\网上车管所\过程库\工程\onlinecgs\lib\axis\axis2-codegen-1.5.1.jar" model-entity="FileSystemJar"/>
>>>>>>> .r805
 <file-system NAME="lib-axis2-corba-1.5.1.jar"
<<<<<<< .mine
  location="D:\工作\交警\车管所\网上车管所\过程库\工程\onlinecgs\lib\axis\axis2-corba-1.5.1.jar" model-entity="FileSystemJar"/>
=======
  location="E:\项目\交警\车管所\网上车管所\过程库\工程\onlinecgs\lib\axis\axis2-corba-1.5.1.jar" model-entity="FileSystemJar"/>
>>>>>>> .r805
 <file-system NAME="lib-axis2-fastinfoset-1.5.1.jar"
<<<<<<< .mine
  location="D:\工作\交警\车管所\网上车管所\过程库\工程\onlinecgs\lib\axis\axis2-fastinfoset-1.5.1.jar" model-entity="FileSystemJar"/>
=======
  location="E:\项目\交警\车管所\网上车管所\过程库\工程\onlinecgs\lib\axis\axis2-fastinfoset-1.5.1.jar" model-entity="FileSystemJar"/>
>>>>>>> .r805
 <file-system NAME="lib-axis2-java2wsdl-1.5.1.jar"
<<<<<<< .mine
  location="D:\工作\交警\车管所\网上车管所\过程库\工程\onlinecgs\lib\axis\axis2-java2wsdl-1.5.1.jar" model-entity="FileSystemJar"/>
=======
  location="E:\项目\交警\车管所\网上车管所\过程库\工程\onlinecgs\lib\axis\axis2-java2wsdl-1.5.1.jar" model-entity="FileSystemJar"/>
>>>>>>> .r805
 <file-system NAME="lib-axis2-jaxbri-1.5.1.jar"
<<<<<<< .mine
  location="D:\工作\交警\车管所\网上车管所\过程库\工程\onlinecgs\lib\axis\axis2-jaxbri-1.5.1.jar" model-entity="FileSystemJar"/>
=======
  location="E:\项目\交警\车管所\网上车管所\过程库\工程\onlinecgs\lib\axis\axis2-jaxbri-1.5.1.jar" model-entity="FileSystemJar"/>
>>>>>>> .r805
 <file-system NAME="lib-axis2-jaxws-1.5.1.jar"
<<<<<<< .mine
  location="D:\工作\交警\车管所\网上车管所\过程库\工程\onlinecgs\lib\axis\axis2-jaxws-1.5.1.jar" model-entity="FileSystemJar"/>
=======
  location="E:\项目\交警\车管所\网上车管所\过程库\工程\onlinecgs\lib\axis\axis2-jaxws-1.5.1.jar" model-entity="FileSystemJar"/>
>>>>>>> .r805
 <file-system NAME="lib-axis2-jibx-1.5.1.jar"
<<<<<<< .mine
  location="D:\工作\交警\车管所\网上车管所\过程库\工程\onlinecgs\lib\axis\axis2-jibx-1.5.1.jar" model-entity="FileSystemJar"/>
=======
  location="E:\项目\交警\车管所\网上车管所\过程库\工程\onlinecgs\lib\axis\axis2-jibx-1.5.1.jar" model-entity="FileSystemJar"/>
>>>>>>> .r805
 <file-system NAME="lib-axis2-json-1.5.1.jar"
<<<<<<< .mine
  location="D:\工作\交警\车管所\网上车管所\过程库\工程\onlinecgs\lib\axis\axis2-json-1.5.1.jar" model-entity="FileSystemJar"/>
=======
  location="E:\项目\交警\车管所\网上车管所\过程库\工程\onlinecgs\lib\axis\axis2-json-1.5.1.jar" model-entity="FileSystemJar"/>
>>>>>>> .r805
 <file-system NAME="lib-axis2-kernel-1.5.1.jar"
<<<<<<< .mine
  location="D:\工作\交警\车管所\网上车管所\过程库\工程\onlinecgs\lib\axis\axis2-kernel-1.5.1.jar" model-entity="FileSystemJar"/>
=======
  location="E:\项目\交警\车管所\网上车管所\过程库\工程\onlinecgs\lib\axis\axis2-kernel-1.5.1.jar" model-entity="FileSystemJar"/>
>>>>>>> .r805
 <file-system NAME="lib-axis2-metadata-1.5.1.jar"
<<<<<<< .mine
  location="D:\工作\交警\车管所\网上车管所\过程库\工程\onlinecgs\lib\axis\axis2-metadata-1.5.1.jar" model-entity="FileSystemJar"/>
=======
  location="E:\项目\交警\车管所\网上车管所\过程库\工程\onlinecgs\lib\axis\axis2-metadata-1.5.1.jar" model-entity="FileSystemJar"/>
>>>>>>> .r805
 <file-system NAME="lib-axis2-mtompolicy-1.5.1.jar"
<<<<<<< .mine
  location="D:\工作\交警\车管所\网上车管所\过程库\工程\onlinecgs\lib\axis\axis2-mtompolicy-1.5.1.jar" model-entity="FileSystemJar"/>
=======
  location="E:\项目\交警\车管所\网上车管所\过程库\工程\onlinecgs\lib\axis\axis2-mtompolicy-1.5.1.jar" model-entity="FileSystemJar"/>
>>>>>>> .r805
 <file-system NAME="lib-axis2-saaj-1.5.1.jar"
<<<<<<< .mine
  location="D:\工作\交警\车管所\网上车管所\过程库\工程\onlinecgs\lib\axis\axis2-saaj-1.5.1.jar" model-entity="FileSystemJar"/>
=======
  location="E:\项目\交警\车管所\网上车管所\过程库\工程\onlinecgs\lib\axis\axis2-saaj-1.5.1.jar" model-entity="FileSystemJar"/>
>>>>>>> .r805
 <file-system NAME="lib-axis2-spring-1.5.1.jar"
<<<<<<< .mine
  location="D:\工作\交警\车管所\网上车管所\过程库\工程\onlinecgs\lib\axis\axis2-spring-1.5.1.jar" model-entity="FileSystemJar"/>
=======
  location="E:\项目\交警\车管所\网上车管所\过程库\工程\onlinecgs\lib\axis\axis2-spring-1.5.1.jar" model-entity="FileSystemJar"/>
>>>>>>> .r805
 <file-system NAME="lib-axis2-transport-http-1.5.1.jar"
<<<<<<< .mine
  location="D:\工作\交警\车管所\网上车管所\过程库\工程\onlinecgs\lib\axis\axis2-transport-http-1.5.1.jar" model-entity="FileSystemJar"/>
=======
  location="E:\项目\交警\车管所\网上车管所\过程库\工程\onlinecgs\lib\axis\axis2-transport-http-1.5.1.jar" model-entity="FileSystemJar"/>
>>>>>>> .r805
 <file-system NAME="lib-axis2-transport-local-1.5.1.jar"
<<<<<<< .mine
  location="D:\工作\交警\车管所\网上车管所\过程库\工程\onlinecgs\lib\axis\axis2-transport-local-1.5.1.jar" model-entity="FileSystemJar"/>
=======
  location="E:\项目\交警\车管所\网上车管所\过程库\工程\onlinecgs\lib\axis\axis2-transport-local-1.5.1.jar" model-entity="FileSystemJar"/>
>>>>>>> .r805
 <file-system NAME="lib-axis2-xmlbeans-1.5.1.jar"
<<<<<<< .mine
  location="D:\工作\交警\车管所\网上车管所\过程库\工程\onlinecgs\lib\axis\axis2-xmlbeans-1.5.1.jar" model-entity="FileSystemJar"/>
=======
  location="E:\项目\交警\车管所\网上车管所\过程库\工程\onlinecgs\lib\axis\axis2-xmlbeans-1.5.1.jar" model-entity="FileSystemJar"/>
>>>>>>> .r805
 <file-system NAME="lib-bcel-5.1.jar"
<<<<<<< .mine
  location="D:\工作\交警\车管所\网上车管所\过程库\工程\onlinecgs\lib\axis\bcel-5.1.jar" model-entity="FileSystemJar"/>
=======
  location="E:\项目\交警\车管所\网上车管所\过程库\工程\onlinecgs\lib\axis\bcel-5.1.jar" model-entity="FileSystemJar"/>
>>>>>>> .r805
 <file-system NAME="lib-commons-codec-1.3.jar"
<<<<<<< .mine
  location="D:\工作\交警\车管所\网上车管所\过程库\工程\onlinecgs\lib\axis\commons-codec-1.3.jar" model-entity="FileSystemJar"/>
=======
  location="E:\项目\交警\车管所\网上车管所\过程库\工程\onlinecgs\lib\axis\commons-codec-1.3.jar" model-entity="FileSystemJar"/>
>>>>>>> .r805
 <file-system NAME="lib-commons-fileupload-1.2.jar"
<<<<<<< .mine
  location="D:\工作\交警\车管所\网上车管所\过程库\工程\onlinecgs\lib\axis\commons-fileupload-1.2.jar" model-entity="FileSystemJar"/>
=======
  location="E:\项目\交警\车管所\网上车管所\过程库\工程\onlinecgs\lib\axis\commons-fileupload-1.2.jar" model-entity="FileSystemJar"/>
>>>>>>> .r805
 <file-system NAME="lib-commons-httpclient-3.1.jar"
<<<<<<< .mine
  location="D:\工作\交警\车管所\网上车管所\过程库\工程\onlinecgs\lib\axis\commons-httpclient-3.1.jar" model-entity="FileSystemJar"/>
=======
  location="E:\项目\交警\车管所\网上车管所\过程库\工程\onlinecgs\lib\axis\commons-httpclient-3.1.jar" model-entity="FileSystemJar"/>
>>>>>>> .r805
 <file-system NAME="lib-commons-io-1.4.jar"
<<<<<<< .mine
  location="D:\工作\交警\车管所\网上车管所\过程库\工程\onlinecgs\lib\axis\commons-io-1.4.jar" model-entity="FileSystemJar"/>
=======
  location="E:\项目\交警\车管所\网上车管所\过程库\工程\onlinecgs\lib\axis\commons-io-1.4.jar" model-entity="FileSystemJar"/>
>>>>>>> .r805
 <file-system NAME="lib-commons-lang-2.3.jar"
<<<<<<< .mine
  location="D:\工作\交警\车管所\网上车管所\过程库\工程\onlinecgs\lib\axis\commons-lang-2.3.jar" model-entity="FileSystemJar"/>
=======
  location="E:\项目\交警\车管所\网上车管所\过程库\工程\onlinecgs\lib\axis\commons-lang-2.3.jar" model-entity="FileSystemJar"/>
>>>>>>> .r805
 <file-system NAME="lib-commons-logging-1.1.1.jar"
<<<<<<< .mine
  location="D:\工作\交警\车管所\网上车管所\过程库\工程\onlinecgs\lib\axis\commons-logging-1.1.1.jar" model-entity="FileSystemJar"/>
=======
  location="E:\项目\交警\车管所\网上车管所\过程库\工程\onlinecgs\lib\axis\commons-logging-1.1.1.jar" model-entity="FileSystemJar"/>
>>>>>>> .r805
 <file-system NAME="lib-geronimo-annotation_1.0_spec-1.1.jar"
<<<<<<< .mine
  location="D:\工作\交警\车管所\网上车管所\过程库\工程\onlinecgs\lib\axis\geronimo-annotation_1.0_spec-1.1.jar" model-entity="FileSystemJar"/>
=======
  location="E:\项目\交警\车管所\网上车管所\过程库\工程\onlinecgs\lib\axis\geronimo-annotation_1.0_spec-1.1.jar" model-entity="FileSystemJar"/>
>>>>>>> .r805
 <file-system NAME="lib-geronimo-jaxws_2.1_spec-1.0.jar"
<<<<<<< .mine
  location="D:\工作\交警\车管所\网上车管所\过程库\工程\onlinecgs\lib\axis\geronimo-jaxws_2.1_spec-1.0.jar" model-entity="FileSystemJar"/>
=======
  location="E:\项目\交警\车管所\网上车管所\过程库\工程\onlinecgs\lib\axis\geronimo-jaxws_2.1_spec-1.0.jar" model-entity="FileSystemJar"/>
>>>>>>> .r805
 <file-system NAME="lib-geronimo-saaj_1.3_spec-1.0.1.jar"
<<<<<<< .mine
  location="D:\工作\交警\车管所\网上车管所\过程库\工程\onlinecgs\lib\axis\geronimo-saaj_1.3_spec-1.0.1.jar" model-entity="FileSystemJar"/>
=======
  location="E:\项目\交警\车管所\网上车管所\过程库\工程\onlinecgs\lib\axis\geronimo-saaj_1.3_spec-1.0.1.jar" model-entity="FileSystemJar"/>
>>>>>>> .r805
 <file-system NAME="lib-geronimo-stax-api_1.0_spec-1.0.1.jar"
<<<<<<< .mine
  location="D:\工作\交警\车管所\网上车管所\过程库\工程\onlinecgs\lib\axis\geronimo-stax-api_1.0_spec-1.0.1.jar" model-entity="FileSystemJar"/>
=======
  location="E:\项目\交警\车管所\网上车管所\过程库\工程\onlinecgs\lib\axis\geronimo-stax-api_1.0_spec-1.0.1.jar" model-entity="FileSystemJar"/>
>>>>>>> .r805
 <file-system NAME="lib-geronimo-ws-metadata_2.0_spec-1.1.2.jar"
<<<<<<< .mine
  location="D:\工作\交警\车管所\网上车管所\过程库\工程\onlinecgs\lib\axis\geronimo-ws-metadata_2.0_spec-1.1.2.jar" model-entity="FileSystemJar"/>
=======
  location="E:\项目\交警\车管所\网上车管所\过程库\工程\onlinecgs\lib\axis\geronimo-ws-metadata_2.0_spec-1.1.2.jar" model-entity="FileSystemJar"/>
>>>>>>> .r805
 <file-system NAME="lib-httpcore-4.0.jar"
<<<<<<< .mine
  location="D:\工作\交警\车管所\网上车管所\过程库\工程\onlinecgs\lib\axis\httpcore-4.0.jar" model-entity="FileSystemJar"/>
=======
  location="E:\项目\交警\车管所\网上车管所\过程库\工程\onlinecgs\lib\axis\httpcore-4.0.jar" model-entity="FileSystemJar"/>
>>>>>>> .r805
 <file-system NAME="lib-jalopy-1.5rc3.jar"
<<<<<<< .mine
  location="D:\工作\交警\车管所\网上车管所\过程库\工程\onlinecgs\lib\axis\jalopy-1.5rc3.jar" model-entity="FileSystemJar"/>
=======
  location="E:\项目\交警\车管所\网上车管所\过程库\工程\onlinecgs\lib\axis\jalopy-1.5rc3.jar" model-entity="FileSystemJar"/>
>>>>>>> .r805
 <file-system NAME="lib-jaxb-api-2.1.jar"
<<<<<<< .mine
  location="D:\工作\交警\车管所\网上车管所\过程库\工程\onlinecgs\lib\axis\jaxb-api-2.1.jar" model-entity="FileSystemJar"/>
=======
  location="E:\项目\交警\车管所\网上车管所\过程库\工程\onlinecgs\lib\axis\jaxb-api-2.1.jar" model-entity="FileSystemJar"/>
>>>>>>> .r805
 <file-system NAME="lib-jaxb-impl-2.1.7.jar"
<<<<<<< .mine
  location="D:\工作\交警\车管所\网上车管所\过程库\工程\onlinecgs\lib\axis\jaxb-impl-2.1.7.jar" model-entity="FileSystemJar"/>
=======
  location="E:\项目\交警\车管所\网上车管所\过程库\工程\onlinecgs\lib\axis\jaxb-impl-2.1.7.jar" model-entity="FileSystemJar"/>
>>>>>>> .r805
 <file-system NAME="lib-jaxb-xjc-2.1.7.jar"
<<<<<<< .mine
  location="D:\工作\交警\车管所\网上车管所\过程库\工程\onlinecgs\lib\axis\jaxb-xjc-2.1.7.jar" model-entity="FileSystemJar"/>
=======
  location="E:\项目\交警\车管所\网上车管所\过程库\工程\onlinecgs\lib\axis\jaxb-xjc-2.1.7.jar" model-entity="FileSystemJar"/>
>>>>>>> .r805
 <file-system NAME="lib-jaxen-1.1.1.jar"
<<<<<<< .mine
  location="D:\工作\交警\车管所\网上车管所\过程库\工程\onlinecgs\lib\axis\jaxen-1.1.1.jar" model-entity="FileSystemJar"/>
=======
  location="E:\项目\交警\车管所\网上车管所\过程库\工程\onlinecgs\lib\axis\jaxen-1.1.1.jar" model-entity="FileSystemJar"/>
>>>>>>> .r805
 <file-system NAME="lib-jettison-1.0-RC2.jar"
<<<<<<< .mine
  location="D:\工作\交警\车管所\网上车管所\过程库\工程\onlinecgs\lib\axis\jettison-1.0-RC2.jar" model-entity="FileSystemJar"/>
=======
  location="E:\项目\交警\车管所\网上车管所\过程库\工程\onlinecgs\lib\axis\jettison-1.0-RC2.jar" model-entity="FileSystemJar"/>
>>>>>>> .r805
 <file-system NAME="lib-jibx-bind-1.2.1.jar"
<<<<<<< .mine
  location="D:\工作\交警\车管所\网上车管所\过程库\工程\onlinecgs\lib\axis\jibx-bind-1.2.1.jar" model-entity="FileSystemJar"/>
=======
  location="E:\项目\交警\车管所\网上车管所\过程库\工程\onlinecgs\lib\axis\jibx-bind-1.2.1.jar" model-entity="FileSystemJar"/>
>>>>>>> .r805
 <file-system NAME="lib-jibx-run-1.2.1.jar"
<<<<<<< .mine
  location="D:\工作\交警\车管所\网上车管所\过程库\工程\onlinecgs\lib\axis\jibx-run-1.2.1.jar" model-entity="FileSystemJar"/>
=======
  location="E:\项目\交警\车管所\网上车管所\过程库\工程\onlinecgs\lib\axis\jibx-run-1.2.1.jar" model-entity="FileSystemJar"/>
>>>>>>> .r805
 <file-system NAME="lib-mail-1.4.jar"
<<<<<<< .mine
  location="D:\工作\交警\车管所\网上车管所\过程库\工程\onlinecgs\lib\axis\mail-1.4.jar" model-entity="FileSystemJar"/>
=======
  location="E:\项目\交警\车管所\网上车管所\过程库\工程\onlinecgs\lib\axis\mail-1.4.jar" model-entity="FileSystemJar"/>
>>>>>>> .r805
 <file-system NAME="lib-mex-1.5.1.jar"
<<<<<<< .mine
  location="D:\工作\交警\车管所\网上车管所\过程库\工程\onlinecgs\lib\axis\mex-1.5.1.jar" model-entity="FileSystemJar"/>
=======
  location="E:\项目\交警\车管所\网上车管所\过程库\工程\onlinecgs\lib\axis\mex-1.5.1.jar" model-entity="FileSystemJar"/>
>>>>>>> .r805
 <file-system NAME="lib-neethi-2.0.4.jar"
<<<<<<< .mine
  location="D:\工作\交警\车管所\网上车管所\过程库\工程\onlinecgs\lib\axis\neethi-2.0.4.jar" model-entity="FileSystemJar"/>
=======
  location="E:\项目\交警\车管所\网上车管所\过程库\工程\onlinecgs\lib\axis\neethi-2.0.4.jar" model-entity="FileSystemJar"/>
>>>>>>> .r805
 <file-system NAME="lib-smack-3.0.4.jar"
<<<<<<< .mine
  location="D:\工作\交警\车管所\网上车管所\过程库\工程\onlinecgs\lib\axis\smack-3.0.4.jar" model-entity="FileSystemJar"/>
=======
  location="E:\项目\交警\车管所\网上车管所\过程库\工程\onlinecgs\lib\axis\smack-3.0.4.jar" model-entity="FileSystemJar"/>
>>>>>>> .r805
 <file-system NAME="lib-smackx-3.0.4.jar"
<<<<<<< .mine
  location="D:\工作\交警\车管所\网上车管所\过程库\工程\onlinecgs\lib\axis\smackx-3.0.4.jar" model-entity="FileSystemJar"/>
=======
  location="E:\项目\交警\车管所\网上车管所\过程库\工程\onlinecgs\lib\axis\smackx-3.0.4.jar" model-entity="FileSystemJar"/>
>>>>>>> .r805
 <file-system NAME="lib-soapmonitor-1.5.1.jar"
<<<<<<< .mine
  location="D:\工作\交警\车管所\网上车管所\过程库\工程\onlinecgs\lib\axis\soapmonitor-1.5.1.jar" model-entity="FileSystemJar"/>
=======
  location="E:\项目\交警\车管所\网上车管所\过程库\工程\onlinecgs\lib\axis\soapmonitor-1.5.1.jar" model-entity="FileSystemJar"/>
>>>>>>> .r805
 <file-system NAME="lib-woden-api-1.0M8.jar"
<<<<<<< .mine
  location="D:\工作\交警\车管所\网上车管所\过程库\工程\onlinecgs\lib\axis\woden-api-1.0M8.jar" model-entity="FileSystemJar"/>
=======
  location="E:\项目\交警\车管所\网上车管所\过程库\工程\onlinecgs\lib\axis\woden-api-1.0M8.jar" model-entity="FileSystemJar"/>
>>>>>>> .r805
 <file-system NAME="lib-woden-impl-dom-1.0M8.jar"
<<<<<<< .mine
  location="D:\工作\交警\车管所\网上车管所\过程库\工程\onlinecgs\lib\axis\woden-impl-dom-1.0M8.jar" model-entity="FileSystemJar"/>
=======
  location="E:\项目\交警\车管所\网上车管所\过程库\工程\onlinecgs\lib\axis\woden-impl-dom-1.0M8.jar" model-entity="FileSystemJar"/>
>>>>>>> .r805
 <file-system NAME="lib-wsdl4j-1.6.2.jar"
<<<<<<< .mine
  location="D:\工作\交警\车管所\网上车管所\过程库\工程\onlinecgs\lib\axis\wsdl4j-1.6.2.jar" model-entity="FileSystemJar"/>
=======
  location="E:\项目\交警\车管所\网上车管所\过程库\工程\onlinecgs\lib\axis\wsdl4j-1.6.2.jar" model-entity="FileSystemJar"/>
>>>>>>> .r805
 <file-system NAME="lib-wstx-asl-3.2.4.jar"
<<<<<<< .mine
  location="D:\工作\交警\车管所\网上车管所\过程库\工程\onlinecgs\lib\axis\wstx-asl-3.2.4.jar" model-entity="FileSystemJar"/>
=======
  location="E:\项目\交警\车管所\网上车管所\过程库\工程\onlinecgs\lib\axis\wstx-asl-3.2.4.jar" model-entity="FileSystemJar"/>
>>>>>>> .r805
 <file-system NAME="lib-xalan-2.7.0.jar"
<<<<<<< .mine
  location="D:\工作\交警\车管所\网上车管所\过程库\工程\onlinecgs\lib\axis\xalan-2.7.0.jar" model-entity="FileSystemJar"/>
=======
  location="E:\项目\交警\车管所\网上车管所\过程库\工程\onlinecgs\lib\axis\xalan-2.7.0.jar" model-entity="FileSystemJar"/>
>>>>>>> .r805
 <file-system NAME="lib-xercesImpl-2.6.2.jar"
<<<<<<< .mine
  location="D:\工作\交警\车管所\网上车管所\过程库\工程\onlinecgs\lib\axis\xercesImpl-2.6.2.jar" model-entity="FileSystemJar"/>
=======
  location="E:\项目\交警\车管所\网上车管所\过程库\工程\onlinecgs\lib\axis\xercesImpl-2.6.2.jar" model-entity="FileSystemJar"/>
>>>>>>> .r805
 <file-system NAME="lib-xml-apis-1.3.02.jar"
<<<<<<< .mine
  location="D:\工作\交警\车管所\网上车管所\过程库\工程\onlinecgs\lib\axis\xml-apis-1.3.02.jar" model-entity="FileSystemJar"/>
=======
  location="E:\项目\交警\车管所\网上车管所\过程库\工程\onlinecgs\lib\axis\xml-apis-1.3.02.jar" model-entity="FileSystemJar"/>
>>>>>>> .r805
 <file-system NAME="lib-xml-resolver-1.2.jar"
<<<<<<< .mine
  location="D:\工作\交警\车管所\网上车管所\过程库\工程\onlinecgs\lib\axis\xml-resolver-1.2.jar" model-entity="FileSystemJar"/>
=======
  location="E:\项目\交警\车管所\网上车管所\过程库\工程\onlinecgs\lib\axis\xml-resolver-1.2.jar" model-entity="FileSystemJar"/>
>>>>>>> .r805
 <file-system NAME="lib-xmlbeans-2.3.0.jar"
<<<<<<< .mine
  location="D:\工作\交警\车管所\网上车管所\过程库\工程\onlinecgs\lib\axis\xmlbeans-2.3.0.jar" model-entity="FileSystemJar"/>
=======
  location="E:\项目\交警\车管所\网上车管所\过程库\工程\onlinecgs\lib\axis\xmlbeans-2.3.0.jar" model-entity="FileSystemJar"/>
>>>>>>> .r805
 <file-system NAME="lib-XmlSchema-1.4.3.jar"
<<<<<<< .mine
  location="D:\工作\交警\车管所\网上车管所\过程库\工程\onlinecgs\lib\axis\XmlSchema-1.4.3.jar" model-entity="FileSystemJar"/>
=======
  location="E:\项目\交警\车管所\网上车管所\过程库\工程\onlinecgs\lib\axis\XmlSchema-1.4.3.jar" model-entity="FileSystemJar"/>
>>>>>>> .r805
 <file-system NAME="lib-ojdbc14-10g.jar"
<<<<<<< .mine
  location="D:\工作\交警\车管所\网上车管所\过程库\工程\onlinecgs\lib\jdbc_driver\ojdbc14-10g.jar" model-entity="FileSystemJar"/>
=======
  location="E:\项目\交警\车管所\网上车管所\过程库\工程\onlinecgs\lib\jdbc_driver\ojdbc14-10g.jar" model-entity="FileSystemJar"/>
>>>>>>> .r805
 <web SERVLET_VERSION="2.4" model-entity="JstWeb" model-path="/web.xml">
  <module URI="/WEB-INF/faces-config.xml" model-entity="WebJSFModule"
   model-path="/faces-config.xml" src="src" web-root="WEB-ROOT"/>
 </web>
</file-systems>
